City_ID,City,Lat,Lng,Max Temp,Humidity,Cloudiness,Wind Speed,Country,Date
0,molchanovo,57.5817,83.7692,-14.62,96,100,2.34,RU,1708815931
1,aasiaat,68.7098,-52.8699,-18.62,85,94,4.57,GL,1708815931
2,hammerfest,70.6634,23.6821,3.25,70,80,8.75,NO,1708815931
3,katsuren-haebaru,26.3369,127.8719,17.27,78,100,6.17,JP,1708815931
4,grytviken,-54.2811,-36.5092,0.75,70,26,5.41,GS,1708815932
5,ulan bator,47.9077,106.8832,-32.93,75,51,0.0,MN,1708815651
6,sarupathar,26.1984,93.8094,14.4,63,7,0.77,IN,1708815933
7,praia da vitoria,38.7333,-27.0667,18.14,72,75,4.31,PT,1708815933
8,saint-joseph,-21.3667,55.6167,25.21,90,74,2.34,RE,1708815934
9,thompson,55.7435,-97.8558,-10.91,57,75,8.23,CA,1708815934
10,ulladulla,-35.35,150.4667,21.35,62,15,1.86,AU,1708815747
11,masjed soleyman,31.9364,49.3039,12.94,78,100,1.63,IR,1708815935
12,kruisfontein,-34.0033,24.7314,17.7,78,52,4.2,ZA,1708815935
13,ribeira grande,38.5167,-28.7,17.1,93,95,6.71,PT,1708815935
14,bethel,41.3712,-73.414,1.47,45,40,1.34,US,1708815936
15,jolo,6.05,121.0167,25.77,87,31,4.08,PH,1708815936
16,guajara mirim,-10.7828,-65.3394,22.88,99,100,0.87,BR,1708815937
17,pathein,16.7833,94.7333,20.17,91,0,2.59,MM,1708815937
18,maragogi,-9.0122,-35.2225,26.92,81,50,4.46,BR,1708815807
19,amursk,50.2261,136.8994,-23.9,100,96,0.14,RU,1708815938
20,puerto natales,-51.7236,-72.4875,13.06,81,74,1.35,CL,1708815938
21,bilibino,68.0546,166.4372,-31.38,97,100,0.74,RU,1708815938
22,blackmans bay,-43.0167,147.3167,15.07,81,100,0.23,AU,1708815939
23,whitehorse,60.7161,-135.0538,-5.5,52,20,0.45,CA,1708815706
24,nanzhang chengguanzhen,31.7839,111.8275,0.16,89,96,0.65,CN,1708815939
25,adamstown,-25.066,-130.1015,26.71,75,63,6.99,PN,1708815940
26,port-aux-francais,-49.35,70.2167,6.49,73,97,9.68,TF,1708815940
27,betio village,1.358,172.9211,30.02,72,18,1.25,KI,1708815940
28,acarau,-2.8856,-40.12,26.32,86,63,3.77,BR,1708815941
29,papatowai,-46.5619,169.4708,12.62,74,100,5.55,NZ,1708815941
30,atafu village,-8.5421,-172.5159,29.23,70,39,4.57,TK,1708815941
31,katsuura,35.1333,140.3,9.39,68,100,6.18,JP,1708815941
32,hadibu,12.65,54.0333,23.75,75,78,3.98,YE,1708815942
33,butembo,0.15,29.2833,17.61,70,100,1.42,CD,1708815942
34,ancud,-41.8697,-73.8203,15.11,71,51,1.18,CL,1708815943
35,saudarkrokur,65.7461,-19.6394,-11.32,89,100,1.17,IS,1708815943
36,luderitz,-26.6481,15.1594,16.7,74,0,6.73,NA,1708815943
37,kedougou,12.5579,-12.1743,29.32,20,0,0.0,SN,1708815944
38,lebu,-37.6167,-73.65,14.6,80,64,7.76,CL,1708815944
39,la rioja,42.25,-2.5,1.88,82,100,2.86,ES,1708815944
40,quellon,-43.1167,-73.6167,14.61,66,8,3.82,CL,1708815945
41,la ronge,55.1001,-105.2842,-9.86,57,75,6.69,CA,1708815945
42,bandar lampung,-5.4254,105.258,23.35,93,99,0.99,ID,1708815945
43,edinburgh of the seven seas,-37.0676,-12.3116,17.44,75,94,7.68,SH,1708815945
44,murun-kuren,49.6342,100.1625,-25.37,96,61,0.84,MN,1708815946
45,sinabang,2.4803,96.3801,26.06,88,100,1.79,ID,1708815946
46,ushuaia,-54.8,-68.3,13.81,67,40,7.72,AR,1708815946
47,vila franca do campo,37.7167,-25.4333,18.27,99,100,4.51,PT,1708815946
48,broken hill,-31.95,141.4333,23.98,21,0,1.69,AU,1708815947
49,albany,42.6001,-73.9662,-3.21,40,23,7.6,US,1708815652
50,naze,28.3667,129.4833,17.51,85,98,10.43,JP,1708815947
51,lihue,21.9789,-159.3672,26.58,76,75,8.75,US,1708815948
52,kenai,60.5544,-151.2583,-2.95,93,40,1.54,US,1708815948
53,crane,31.3974,-102.3501,24.81,20,4,6.8,US,1708815948
54,nar'yan-mar,67.6713,53.087,-1.05,94,100,7.6,RU,1708815949
55,hobyo,5.3505,48.5268,25.75,76,100,6.13,SO,1708815949
56,stanley,54.868,-1.6985,2.66,97,0,1.54,GB,1708815950
57,punta arenas,-53.15,-70.9167,15.06,67,0,5.14,CL,1708815756
58,greymouth,-42.4667,171.2,17.81,67,37,2.0,NZ,1708815950
59,nova olinda do norte,-3.8881,-59.0942,26.08,80,82,0.85,BR,1708815950
60,remire-montjoly,4.9167,-52.2667,27.02,89,75,2.57,GF,1708815951
61,aginskoye,51.1,114.53,-23.51,82,2,3.37,RU,1708815951
62,renqiu,38.6989,116.0936,-1.44,79,1,1.18,CN,1708815951
63,weno,7.4515,151.8468,27.64,84,34,8.08,FM,1708815951
64,shache,38.4167,77.2406,-1.01,57,23,2.43,CN,1708815952
65,tralee,52.2704,-9.7026,5.96,88,100,4.09,IE,1708815952
66,klyuchi,52.2667,79.1667,-18.03,87,92,3.51,RU,1708815952
67,vadso,70.0744,29.7487,3.49,75,100,8.23,NO,1708815953
68,san antonio,29.4241,-98.4936,26.61,24,0,6.69,US,1708815788
69,qashar,53.3906,62.9297,-23.12,95,20,2.83,KZ,1708815953
70,general jose de san martin,-26.5374,-59.3416,27.91,68,100,1.89,AR,1708815954
71,kragujevac,44.0167,20.9167,10.16,75,100,2.05,RS,1708815954
72,invercargill,-46.4,168.35,13.34,78,81,4.47,NZ,1708815954
73,port mathurin,-19.6833,63.4167,26.72,83,92,7.05,MU,1708815670
74,aktau,43.65,51.2,-6.68,65,68,6.12,KZ,1708815955
75,lompoc,34.6391,-120.4579,22.08,68,0,6.17,US,1708815955
76,rawson,-43.3002,-65.1023,17.81,47,100,9.53,AR,1708815956
77,gumdag,39.2061,54.5906,1.91,49,81,7.8,TM,1708815956
78,vilyuysk,63.7553,121.6247,-35.0,100,100,0.45,RU,1708815956
79,ngereklmadel,7.4883,134.4856,27.05,83,75,1.54,PW,1708815956
80,gisborne,-38.6533,178.0042,20.1,90,100,4.07,NZ,1708815957
81,zaozersk,69.4005,32.4476,1.82,84,82,10.75,RU,1708815957
82,yellowknife,62.456,-114.3525,-21.99,76,20,3.6,CA,1708815957
83,waitangi,-43.9535,-176.5597,17.12,97,100,4.02,NZ,1708815958
84,longyearbyen,78.2186,15.6401,-6.09,73,20,2.57,SJ,1708815958
85,olonkinbyen,70.9221,-8.7187,-4.44,66,100,8.33,SJ,1708815958
86,iqaluit,63.7506,-68.5145,-30.15,69,20,0.0,CA,1708815745
87,fort bragg,35.139,-79.006,13.08,64,75,3.09,US,1708815959
88,jaguarari,-10.2639,-40.1958,21.67,88,39,2.45,BR,1708815959
89,mesquite,32.7668,-96.5992,25.96,22,1,3.13,US,1708815693
90,alaghsas,17.0187,8.0168,22.04,10,62,3.93,NE,1708815960
91,tomatlan,19.9333,-105.25,28.54,59,41,3.07,MX,1708815960
92,enewetak,11.3474,162.3373,26.06,79,100,9.06,MH,1708815960
93,gunnedah,-30.9833,150.25,26.26,53,39,4.32,AU,1708815960
94,miquelon,47.0975,-56.3814,4.0,97,100,18.5,PM,1708815961
95,talnakh,69.4865,88.3972,-19.89,92,97,4.68,RU,1708815961
96,labrador city,52.9463,-66.9114,-21.05,71,20,2.57,CA,1708815961
97,vorgashor,67.5833,63.95,-3.32,96,100,5.32,RU,1708815961
98,dudinka,69.4058,86.1778,-19.62,92,100,9.39,RU,1708815962
99,nicholasville,37.8806,-84.573,3.38,51,100,2.57,US,1708815920
100,nantucket,41.2835,-70.0995,2.08,48,100,5.66,US,1708815917
101,georgetown,5.4112,100.3354,27.96,77,20,2.57,MY,1708815790
102,shubarkuduk,49.1447,56.4872,-23.37,86,3,2.22,KZ,1708815964
103,kirensk,57.7853,108.1119,-26.13,100,100,1.34,RU,1708815964
104,ilulissat,69.2167,-51.1,-9.99,79,75,5.14,GL,1708815964
105,st. john's,47.5649,-52.7093,5.99,95,100,11.83,CA,1708815949
106,cidade velha,14.9167,-23.6167,22.26,73,40,8.75,CV,1708815965
107,new plymouth,-39.0667,174.0833,19.06,82,100,5.29,NZ,1708815900
108,bredasdorp,-34.5322,20.0403,17.93,62,98,7.29,ZA,1708815966
109,lindi,-10.0,39.7167,23.32,97,100,1.94,TZ,1708815966
110,prado,-17.3411,-39.2208,25.61,87,78,2.6,BR,1708815967
111,wailua homesteads,22.0669,-159.378,26.24,77,75,8.75,US,1708815967
112,anadyr,64.75,177.4833,-20.56,76,0,3.0,RU,1708815967
113,kapuskasing,49.4169,-82.4331,-3.95,42,75,9.26,CA,1708815722
114,port orange,29.1383,-80.9956,21.12,31,0,4.12,US,1708815800
115,kailua-kona,19.6406,-155.9956,25.71,74,100,0.45,US,1708815968
116,saldanha,-33.0117,17.9442,16.03,68,81,6.67,ZA,1708815969
117,barranca,-10.75,-77.7667,25.01,77,31,3.58,PE,1708815969
118,badger,64.8,-147.5333,-7.01,75,100,0.59,US,1708815823
119,okhotsk,59.3833,143.3,-24.59,81,2,5.41,RU,1708815970
120,imeni morozova,59.9757,31.0376,4.53,95,100,7.81,RU,1708815970
121,lanivtsi,49.8633,26.0908,8.44,95,100,2.4,UA,1708815970
122,guerrero negro,27.9769,-114.0611,24.42,31,76,4.86,MX,1708815971
123,fethiye,36.6217,29.1164,8.93,65,0,1.88,TR,1708815971
124,uacu cungo,-11.3634,15.1208,18.82,96,100,1.01,AO,1708815972
125,el granada,37.5027,-122.4694,24.4,53,0,3.09,US,1708815972
126,callao,-12.0667,-77.15,27.16,61,0,7.2,PE,1708815972
127,tual,-5.6667,132.75,28.88,73,100,7.81,ID,1708815973
128,mil'kovo,55.6078,37.7956,1.91,87,100,7.11,RU,1708815973
129,hasaki,35.7333,140.8333,5.16,58,100,6.09,JP,1708815973
130,sitka,57.0531,-135.33,3.52,67,100,0.44,US,1708815974
131,college,64.8569,-147.8028,-6.96,40,100,0.46,US,1708815974
132,karratha,-20.7377,116.8463,27.23,72,92,3.87,AU,1708815974
133,porto novo,6.4965,2.6036,28.9,73,92,2.26,BJ,1708815975
134,buka,40.8108,69.1986,1.36,99,100,1.51,UZ,1708815975
135,yuzhno-kurilsk,44.0306,145.8556,-7.01,56,67,3.27,RU,1708815975
136,port blair,11.6667,92.75,24.95,82,10,3.29,IN,1708815976
137,grottammare,42.9888,13.8649,11.01,74,100,2.68,IT,1708815976
138,niquelandia,-14.4739,-48.4597,22.66,90,19,0.99,BR,1708815833
139,farah,32.5,62.5,9.64,24,100,0.46,AF,1708815977
140,sur,22.5667,59.5289,22.91,66,1,5.39,OM,1708815977
141,charcas,23.1333,-101.1167,19.01,35,100,3.15,MX,1708815977
142,anisoc,1.8658,10.7689,22.33,97,97,0.96,GQ,1708815978
143,puerto asis,0.5133,-76.5007,28.19,71,94,1.2,CO,1708815978
144,port lincoln,-34.7333,135.8667,20.65,62,76,1.62,AU,1708815978
145,saint-philippe,-21.3585,55.7679,25.77,88,61,3.09,RE,1708815979
146,mbala,-8.8402,31.3659,16.07,89,100,1.61,ZM,1708815751
147,malango,-2.9627,119.9001,20.45,97,100,0.96,ID,1708815979
148,murakami,38.2333,139.4833,-0.06,64,100,2.12,JP,1708815980
149,el galpon,-25.3807,-64.6526,21.17,86,98,1.1,AR,1708815980
150,opuwo,-18.0607,13.84,22.28,35,100,4.53,NA,1708815980
151,port elizabeth,-33.918,25.5701,19.62,81,0,3.6,ZA,1708815800
152,san pablo villa de mitla,16.9167,-96.4,29.13,31,0,3.99,MX,1708815981
153,tiksi,71.6872,128.8694,-28.94,99,76,4.01,RU,1708815981
154,kodiak,57.79,-152.4072,0.72,62,5,12.99,US,1708815767
155,vallenar,-28.5708,-70.7581,24.84,44,67,2.58,CL,1708815982
156,alliance,40.9153,-81.1059,-2.74,44,0,3.77,US,1708815982
157,dipayal,29.2608,80.94,6.43,33,0,1.87,NP,1708815982
158,laojunmiao,39.8333,97.7333,-9.77,69,100,1.61,CN,1708815983
159,shiqian,27.5225,108.2281,0.22,84,100,0.98,CN,1708815983
160,salalah,17.0151,54.0924,22.19,79,23,0.97,OM,1708815983
161,jamestown,42.097,-79.2353,-4.71,58,0,2.24,US,1708815984
162,semirom,31.4167,51.5667,0.43,100,100,1.76,IR,1708815984
163,tejen,37.3834,60.5054,2.53,97,100,3.55,TM,1708815984
164,rio grande,-32.035,-52.0986,26.06,83,19,8.11,BR,1708815833
165,codrington,-38.2667,141.9667,19.47,47,75,3.2,AU,1708815985
166,sabang,5.8933,95.3214,28.45,71,59,5.89,ID,1708815985
167,dobrush,52.4089,31.3237,8.9,95,100,7.79,BY,1708815986
168,west island,-12.1568,96.8225,28.2,63,100,3.52,CC,1708815986
169,turpan,42.9333,89.1667,1.03,39,100,0.73,CN,1708815986
170,urangan,-25.3,152.9,25.11,96,100,2.68,AU,1708815987
171,vilyuchinsk,52.9306,158.4028,-17.64,70,3,3.58,RU,1708815987
172,broome,42.2506,-75.833,-5.17,65,0,3.6,US,1708815926
173,sertanopolis,-23.0586,-51.0364,32.04,79,47,1.69,BR,1708815987
174,kartaly,53.0522,60.6467,-14.99,93,23,3.13,RU,1708815988
175,hamlet,34.8849,-79.6942,13.12,41,0,2.06,US,1708815988
176,sirte,31.2089,16.5887,18.02,44,67,8.19,LY,1708815988
177,haiku-pauwela,20.9219,-156.3051,22.92,85,100,3.13,US,1708815989
178,puerto ayora,-0.7393,-90.3518,30.98,87,70,6.71,EC,1708815989
179,lincoln,40.8,-96.667,18.97,19,0,6.17,US,1708815883
180,el calafate,-50.3408,-72.2768,14.33,62,27,3.4,AR,1708815990
181,yanchep,-31.55,115.6833,20.68,76,90,5.05,AU,1708815990
182,hermanus,-34.4187,19.2345,16.0,68,96,8.26,ZA,1708815990
183,santo antonio do ica,-3.1022,-67.9397,28.52,70,86,0.72,BR,1708815991
184,byron bay,-28.65,153.6167,23.73,91,100,3.59,AU,1708815991
185,carnarvon,-24.8667,113.6333,26.83,83,89,2.81,AU,1708815991
186,tokar,18.4254,37.729,24.62,81,77,5.16,SD,1708815992
187,petropavlovsk-kamchatsky,53.0452,158.6483,-18.46,82,0,5.36,RU,1708815992
188,rovaniemi,66.5,25.7167,1.67,86,100,4.12,FI,1708815992
189,thenzawl,23.3167,92.75,12.63,64,76,1.33,IN,1708815993
190,tura,25.5198,90.2201,17.71,23,67,1.62,IN,1708815993
191,kapa'a,22.0752,-159.319,26.99,76,75,8.75,US,1708815993
192,isafjordur,66.0755,-23.124,-9.64,80,10,0.86,IS,1708815994
193,tallulah,32.4085,-91.1868,21.03,23,0,4.12,US,1708815994
194,port alfred,-33.5906,26.891,17.88,94,22,1.34,ZA,1708815994
195,miyaly,48.8844,53.7836,-16.59,78,0,3.08,KZ,1708815995
196,funafuti,-8.5243,179.1942,32.0,74,40,0.0,TV,1708815779
197,salaga,8.5508,-0.5188,32.04,41,64,4.24,GH,1708815995
198,altai,46.3722,96.2583,-19.59,64,84,1.52,MN,1708815995
199,krasnovishersk,60.4078,57.082,-6.85,95,100,3.15,RU,1708815996
200,brush,40.2589,-103.6238,17.49,12,0,9.26,US,1708815449
201,dryden,49.7833,-92.7503,3.16,56,40,7.2,CA,1708815996
202,santa fe de antioquia,6.5569,-75.8281,32.98,71,95,1.54,CO,1708815997
203,saipan,15.1355,145.701,25.99,75,71,8.3,MP,1708815997
204,bikenibeu village,1.3673,173.1241,29.98,74,40,2.06,KI,1708815997
205,saint augustine beach,29.8505,-81.2654,20.62,28,0,3.6,US,1708815998
206,kerimaki,61.9167,29.2833,2.97,93,100,6.17,FI,1708815998
207,sanctuary point,-35.1114,150.629,22.08,62,2,1.32,AU,1708815998
208,namibe,-15.1961,12.1522,24.68,81,100,2.23,AO,1708815999
209,iguatemi,-23.6803,-54.5611,23.94,86,68,1.04,BR,1708815999
210,znamenskoye,57.1281,73.8282,-11.47,98,97,1.09,RU,1708816000
211,westport,41.1415,-73.3579,3.19,39,52,3.13,US,1708815809
212,flying fish cove,-10.4217,105.6791,24.82,88,75,1.03,CX,1708815760
213,mapastepec,15.4333,-92.9,30.68,50,5,3.23,MX,1708816000
214,alofi,-19.0595,-169.9187,27.94,83,100,3.6,NU,1708816001
215,pangody,65.85,74.4859,-11.36,95,100,6.17,RU,1708816001
216,geraldton,-28.7667,114.6,24.23,83,75,4.63,AU,1708816001
217,hawaiian paradise park,19.5933,-154.9731,22.15,94,100,3.09,US,1708816001
218,inari,68.906,27.0288,1.11,84,100,7.03,FI,1708816002
219,al hasakah,36.5024,40.7477,10.84,57,13,4.38,SY,1708816002
220,yaren,-0.5472,166.916,28.59,73,95,3.48,NR,1708816003
221,chapada dos guimaraes,-15.4606,-55.7497,20.97,89,50,1.57,BR,1708816003
222,chonchi,-42.6128,-73.8092,15.07,65,65,0.38,CL,1708816003
223,port augusta,-32.5,137.7667,25.71,19,4,1.33,AU,1708816003
224,calingasta,-31.3308,-69.4078,24.75,34,52,3.95,AR,1708816004
225,necochea,-38.5473,-58.7368,13.74,65,0,4.85,AR,1708816004
226,pervomayskoye,43.919,46.7102,-0.34,72,7,4.91,RU,1708816004
227,canutama,-6.5339,-64.3831,23.95,98,100,1.91,BR,1708816004
228,san patricio,28.017,-97.5169,25.09,37,77,5.94,US,1708816005
229,kota kinabalu,5.9749,116.0724,23.99,94,20,1.54,MY,1708816005
230,luganville,-15.5333,167.1667,29.52,75,81,2.43,VU,1708816005
231,araguaina,-7.1911,-48.2072,25.92,79,43,1.18,BR,1708816005
232,north platte,41.1239,-100.7654,16.94,23,0,10.73,US,1708816006
233,queenstown,-31.8976,26.8753,19.02,77,33,1.14,ZA,1708815450
234,urzhar,47.093,81.6294,-15.33,91,91,2.21,KZ,1708816006
235,bardai,11.65,7.2333,24.2,28,32,3.55,NG,1708816006
236,ploneour-lanvern,47.9,-4.2833,8.18,87,75,3.6,FR,1708816007
237,ibb,13.9667,44.1833,17.68,58,1,1.15,YE,1708816007
238,kalmunai,7.4167,81.8167,24.61,79,24,1.99,LK,1708816007
239,beya,53.0533,90.9139,-19.63,95,100,1.85,RU,1708816008
240,kenora,49.8167,-94.4337,3.54,65,75,4.63,CA,1708815948
241,ruwa,-17.8972,31.2371,20.62,85,1,2.05,ZW,1708816008
242,nemuro,43.3236,145.575,-4.7,61,43,4.49,JP,1708816008
243,sosnovka,56.255,51.2842,-14.84,92,9,2.45,RU,1708816009
244,ghat,24.9647,10.1728,20.1,13,0,5.79,LY,1708815756
245,castillos,-34.1667,-53.8333,20.62,69,53,4.7,UY,1708816009
246,udachny,66.4167,112.4,-33.02,99,89,1.28,RU,1708816009
247,poso,-1.3959,120.7524,25.37,87,99,2.05,ID,1708816010
248,chamical,-30.36,-66.314,22.54,60,41,4.16,AR,1708816010
249,margaret river,-33.95,115.0667,15.53,69,24,5.14,AU,1708816010
250,lianyuan,27.6883,111.6642,0.43,78,100,0.98,CN,1708816010
251,fort st. john,56.2499,-120.8529,-1.06,51,75,1.03,CA,1708815814
252,la passe,45.5549,-0.8967,7.13,81,100,5.79,FR,1708816011
253,avarua,-21.2078,-159.775,26.03,100,100,3.6,CK,1708816011
254,mingguang,32.7802,117.9638,-6.85,97,24,1.85,CN,1708815924
255,korla,41.7597,86.1469,-2.58,55,100,1.27,CN,1708816012
256,ad dabbah,18.05,30.95,24.66,37,50,6.78,SD,1708816012
257,antsiranana,-12.2787,49.2917,24.84,92,86,3.16,MG,1708816012
258,richmond,37.5538,-77.4603,8.23,91,100,4.12,US,1708815835
259,primorskiy,43.0983,131.5875,-4.75,66,100,2.1,RU,1708816013
260,mugia,43.1041,-9.2179,13.84,91,100,13.08,ES,1708816013
261,olyokminsk,60.3736,120.4264,-24.97,100,100,0.87,RU,1708816013
262,ranau,5.9538,116.6641,20.8,96,64,0.38,MY,1708816013
263,keflavik,64.0049,-22.5624,-2.76,74,0,5.66,IS,1708816014
264,vila velha,-20.3297,-40.2925,26.08,92,1,3.13,BR,1708816014
265,borogontsy,62.6683,131.1683,-40.82,100,70,1.21,RU,1708816014
266,joshimath,30.5667,79.5667,-0.09,53,33,2.62,IN,1708816015
267,san antonio de pale,-1.4014,5.6325,28.05,75,100,4.08,GQ,1708816015
268,la'ie,21.6477,-157.9253,22.66,82,98,4.47,US,1708816016
269,tazacorte,28.629,-17.9293,18.54,77,100,6.69,ES,1708816016
270,la junta,37.985,-103.5438,20.16,8,0,1.54,US,1708816016
271,kulhudhuffushi,6.6221,73.07,27.52,72,33,3.85,MV,1708816016
272,lamu,-2.2717,40.902,26.35,86,100,3.3,KE,1708816017
273,palikir - national government center,6.9248,158.1611,27.47,89,100,4.12,FM,1708816017
274,utrik,11.2278,169.8474,25.84,77,99,8.6,MH,1708816017
275,great falls,47.5002,-111.3008,9.25,47,100,7.72,US,1708815753
276,lusambo,-4.9667,23.45,22.46,93,99,0.58,CD,1708816018
277,soio,-6.1349,12.3689,26.77,83,100,2.5,AO,1708816018
278,costa rica,-23.4167,-54.65,23.96,85,63,1.4,BR,1708816018
279,al jawf,29.5,38.75,10.32,72,22,6.56,SA,1708816019
280,pisco,-13.7,-76.2167,24.45,79,81,2.16,PE,1708816019
281,nova sintra,14.8667,-24.7167,20.38,76,94,7.16,CV,1708816019
282,pointe aux piments,-20.0628,57.5131,26.96,89,64,4.1,MU,1708816020
283,gadzhiyevo,69.2551,33.3362,1.25,83,96,9.32,RU,1708816020
284,emiliano zapata,18.8333,-99.1833,32.34,17,0,2.57,MX,1708816020
285,woolgoolga,-30.1106,153.2007,22.8,88,100,6.44,AU,1708816021
286,tolanaro,-25.0319,46.9987,24.73,75,100,5.52,MG,1708816021
287,kamaishi,39.2667,141.8833,0.34,75,99,0.5,JP,1708816021
288,masterton,-40.9597,175.6575,20.61,53,71,0.89,NZ,1708816021
289,akureyri,65.6835,-18.0878,-12.36,96,99,1.76,IS,1708816022
290,chinde,26.8418,88.0763,9.65,30,95,1.19,NP,1708816022
291,luena,-11.7833,19.9167,18.66,96,100,1.9,AO,1708815862
292,walvis bay,-22.9575,14.5053,17.27,79,77,5.66,NA,1708816023
293,newman,37.3138,-121.0208,22.3,59,70,0.89,US,1708816023
294,grand falls-windsor,48.9332,-55.6649,6.39,91,100,4.02,CA,1708816023
295,taunggyi,20.7833,97.0333,11.06,60,0,0.71,MM,1708815935
296,hamilton,39.1834,-84.5333,2.1,56,0,3.09,US,1708816024
297,fada,9.5667,8.3,25.79,34,100,0.5,NG,1708816024
298,fort mcmurray,56.7268,-111.381,-9.15,76,100,3.26,CA,1708816025
299,bengkulu,-3.8004,102.2655,24.23,90,91,1.95,ID,1708816025
300,ozalp,38.6548,43.993,-10.46,98,79,1.03,TR,1708816025
301,basco,20.4487,121.9702,23.89,80,100,8.87,PH,1708816025
302,shwebo,22.5667,95.7,19.42,47,5,2.6,MM,1708816026
303,kerikeri,-35.2268,173.9474,24.95,86,100,3.49,NZ,1708816026
304,siwa oasis,29.2041,25.5195,16.38,51,0,3.43,EG,1708816026
305,san juan del sur,11.2529,-85.8705,30.07,44,92,5.94,NI,1708816027
306,holualoa,19.6228,-155.9522,23.64,74,100,0.45,US,1708816027
307,hanceville,34.0607,-86.7675,13.95,57,6,4.63,US,1708816027
308,novodvinsk,64.4165,40.8122,1.86,92,100,4.53,RU,1708816027
309,shingu,33.7333,135.9833,11.44,93,100,7.96,JP,1708816028
310,dzuunharaa,48.8523,106.4579,-26.23,98,42,1.61,MN,1708816028
311,port-cartier,50.0334,-66.8654,-14.03,74,45,5.55,CA,1708816029
312,teramo,42.65,13.6833,9.45,85,100,2.31,IT,1708816029
313,pandan,14.0453,124.1694,25.69,80,72,7.81,PH,1708816029
314,la mana,-0.9333,-79.2167,24.99,87,100,0.81,EC,1708816030
315,al bawiti,28.3492,28.8659,14.11,55,0,3.7,EG,1708816030
316,kamina,-8.7386,24.9906,19.16,95,100,0.32,CD,1708816030
317,onguday,50.75,86.15,-15.62,98,100,1.42,RU,1708816031
318,qaqortoq,60.7167,-46.0333,-1.79,95,100,6.03,GL,1708816031
319,taroudant,30.4703,-8.877,14.49,48,1,1.76,MA,1708816031
320,conception bay south,47.4999,-52.9981,5.86,95,46,10.19,CA,1708816032
321,salinopolis,-0.6136,-47.3561,26.45,88,44,3.71,BR,1708816032
322,aldinga beach,-35.2793,138.4604,25.11,37,64,1.77,AU,1708816032
323,winnemucca,40.973,-117.7357,14.03,35,0,0.0,US,1708816033
324,ambovombe,-25.1667,46.0833,22.96,84,96,6.57,MG,1708816033
325,grinnell,41.743,-92.7224,8.88,43,0,6.69,US,1708816033
326,bomdila,27.25,92.4,-0.34,51,1,2.74,IN,1708816034
327,verdal,63.7933,11.4817,4.02,79,54,2.0,NO,1708815973
328,iskateley,67.6803,53.1512,-1.1,94,100,7.6,RU,1708816034
329,wuhai,39.6647,106.8122,-10.68,82,5,1.54,CN,1708816034
330,severo-yeniseyskiy,60.3725,93.0408,-32.46,100,68,1.34,RU,1708816035
331,yerofey pavlovich,53.9667,121.9667,-16.7,98,100,0.54,RU,1708816035
332,port macquarie,-31.4333,152.9167,22.16,84,100,4.27,AU,1708816035
333,horta,38.5333,-28.6333,16.68,93,89,6.71,PT,1708816036
334,kristiansund,63.1115,7.732,5.36,60,20,4.12,NO,1708816036
335,awjilah,29.1081,21.2869,17.14,32,0,6.54,LY,1708816036
336,kidal,18.4411,1.4078,24.58,11,17,3.83,ML,1708816036
337,santo antonio,-6.3106,-35.4789,26.66,77,18,6.19,BR,1708816037
338,qusmuryn,52.4503,64.6311,-21.81,97,13,2.68,KZ,1708816037
339,keetmanshoop,-26.5833,18.1333,20.37,31,23,6.4,NA,1708816037
340,afaahiti,-17.75,-149.2833,27.93,73,59,1.67,PF,1708816038
341,inzhavino,52.3185,42.4937,-11.6,88,12,4.52,RU,1708816038
342,sandnessjoen,66.0217,12.6316,3.29,90,100,11.73,NO,1708816038
343,taltal,-25.4,-70.4833,21.46,78,76,2.76,CL,1708815744
344,gunjur,13.2019,-16.7339,23.04,68,57,3.09,GM,1708816039
345,ola,59.5833,151.2833,-23.81,84,24,3.07,RU,1708815935
346,arraial do cabo,-22.9661,-42.0278,25.42,90,43,6.36,BR,1708816039
347,west livingston,30.6983,-95.0019,26.03,36,0,2.68,US,1708816039
348,pahrump,36.2083,-115.9839,19.35,26,100,0.89,US,1708816040
349,gebeit,21.0667,36.3167,19.21,52,7,2.0,SD,1708816040
350,uturoa,-16.7333,-151.4333,28.54,73,47,3.09,PF,1708816040
351,dankov,53.2515,39.1555,-4.53,89,88,7.1,RU,1708816041
352,yarmouth,41.7057,-70.2286,1.68,54,0,8.49,US,1708815805
353,mount gambier,-37.8333,140.7667,19.46,48,78,2.3,AU,1708816041
354,ullal,12.8,74.85,23.53,83,13,0.0,IN,1708816042
355,leava,-14.3,-178.1667,26.56,87,94,5.89,WF,1708816042
356,barra do garcas,-15.89,-52.2567,24.28,88,83,1.51,BR,1708816042
357,bartica,6.4,-58.6167,28.18,71,94,2.78,GY,1708816042
358,ha'il,27.5219,41.6907,14.01,67,40,8.23,SA,1708816043
359,al mijlad,11.0333,27.7333,29.29,27,100,6.9,SD,1708816043
360,polyarnyy,69.1989,33.4478,1.16,84,96,9.04,RU,1708816043
361,gaspe,48.8334,-64.4819,-10.56,82,100,7.46,CA,1708816044
362,port isabel,26.0734,-97.2086,25.03,69,21,1.79,US,1708815903
363,uray,60.1247,64.7758,-8.96,95,37,3.13,RU,1708816044
364,puerto penasco,31.3167,-113.5333,24.99,67,100,5.14,MX,1708816045
365,shizuishan,39.2333,106.7694,-12.5,87,26,0.2,CN,1708816045
366,ta`u,-14.2336,-169.5144,28.06,76,60,3.7,AS,1708816045
367,saint croix,17.7397,-64.7388,23.86,90,32,0.45,VI,1708816045
368,san jose del guaviare,2.5729,-72.6459,29.95,39,34,1.58,CO,1708816046
369,cabo san lucas,22.8909,-109.9124,28.12,57,0,5.14,MX,1708816039
370,ujae,8.9322,165.7642,27.0,81,99,9.36,MH,1708816046
371,sao felix do xingu,-6.6447,-51.995,23.46,96,33,0.46,BR,1708815975
372,aykhal,66.0,111.5,-28.08,98,93,1.92,RU,1708816047
373,zhuanghe,39.7008,122.9911,-1.9,54,33,2.64,CN,1708816047
374,kingston,17.997,-76.7936,23.53,88,75,5.66,JM,1708816019
375,bridgewater,44.3835,-64.5155,-1.29,86,100,4.92,CA,1708816048
376,taoudenni,22.6783,-3.9836,23.68,22,0,2.89,ML,1708816048
377,palmer,42.1584,-72.3287,-0.64,40,0,4.12,US,1708816048
378,mata-utu,-13.2816,-176.1745,28.91,73,21,3.89,WF,1708816049
379,igarka,67.4667,86.5833,-24.74,96,99,6.35,RU,1708816049
380,semera,11.501,41.201,21.48,57,8,4.66,ET,1708816049
381,vallegrande,-18.4897,-64.1069,15.66,93,85,1.76,BO,1708816050
382,cookeville,36.1628,-85.5016,6.84,57,40,3.09,US,1708815552
383,palu,-0.8917,119.8707,24.93,93,100,1.43,ID,1708816050
384,muroto-misakicho,33.2833,134.15,10.95,85,100,8.0,JP,1708816050
385,huarmey,-10.0681,-78.1522,25.88,77,53,5.08,PE,1708816051
386,fort-shevchenko,44.5086,50.263,-1.16,65,11,7.65,KZ,1708816051
387,homer,59.6425,-151.5483,0.94,57,0,6.69,US,1708816051
388,vilhena,-12.7406,-60.1458,24.12,88,0,2.06,BR,1708815984
389,hami,42.8,93.45,-4.04,54,96,1.05,CN,1708816052
390,minab,27.1467,57.0801,21.77,66,100,1.06,IR,1708816052
391,asadabad,34.7824,48.1185,0.97,94,100,2.84,IR,1708816053
392,usinsk,65.9939,57.5281,-1.63,95,100,7.15,RU,1708816053
393,barinitas,8.7622,-70.4111,27.45,44,99,1.99,VE,1708816053
394,peace river,56.2501,-117.286,-1.73,64,63,3.18,CA,1708816001
395,sorong,-0.8833,131.25,27.96,78,76,5.08,ID,1708816054
396,saint-francois,46.4154,3.9054,5.69,73,100,2.06,FR,1708816055
397,vorkuta,67.5,64.0,-3.23,96,100,5.42,RU,1708816055
398,goure,13.9835,10.2704,22.59,18,58,3.39,NE,1708816055
399,daru,-9.0763,143.2092,25.95,89,100,4.25,PG,1708816055
400,sao gabriel da cachoeira,-0.1303,-67.0892,28.22,66,71,1.32,BR,1708816056
401,robore,-18.3333,-59.75,24.5,93,100,0.74,BO,1708815801
402,tadine,-21.55,167.8833,27.03,67,99,5.71,NC,1708816056
403,ridgecrest,35.6225,-117.6709,19.8,21,99,1.79,US,1708815803
404,bairnsdale,-37.8333,147.6167,20.03,70,5,0.45,AU,1708816058
405,osaka,34.6937,135.5022,6.9,84,75,2.57,JP,1708815593
406,meiganga,6.5167,14.3,23.16,29,98,2.99,CM,1708816058
407,la libertad,-2.2333,-80.9,26.64,76,92,3.6,EC,1708816059
408,virginia beach,36.8529,-75.978,9.46,86,75,3.09,US,1708815469
409,kargil,34.5667,76.1,-19.59,99,100,0.38,IN,1708816059
410,ust-nera,64.5667,143.2,-35.61,98,69,1.32,RU,1708816060
411,shendi,16.6915,33.4341,27.86,35,60,5.73,SD,1708816060
412,orkney,-26.9802,26.6727,20.72,54,5,2.65,ZA,1708816061
413,ponta delgada,37.7333,-25.6667,18.44,72,75,7.2,PT,1708816061
414,luwero,0.8492,32.4731,20.98,72,100,0.88,UG,1708816062
415,kangding,30.0513,101.9603,0.76,60,29,1.38,CN,1708816062
416,punaauia,-17.6333,-149.6,28.8,70,75,2.24,PF,1708816062
417,comayagua,14.45,-87.6333,27.52,37,5,3.98,HN,1708816063
418,yorkton,51.2167,-102.4677,-2.12,76,76,6.0,CA,1708816063
419,deqen,29.9618,90.7188,-7.34,28,15,3.96,CN,1708816065
420,carbonear,47.7332,-53.2148,6.24,91,37,9.4,CA,1708816066
421,brookings,44.3114,-96.7984,12.0,56,0,5.66,US,1708816068
422,novaya igirma,57.1334,103.9112,-27.27,100,96,0.6,RU,1708816069
423,kismayo,-0.3582,42.5454,26.45,86,94,4.11,SO,1708816069
424,al hazm,16.1641,44.7769,20.44,17,31,0.44,YE,1708816069
425,ar rass,25.8694,43.4973,19.46,37,90,1.88,SA,1708816072
426,mammoth lakes,37.6485,-118.9721,5.75,34,0,0.89,US,1708816074
427,tekkali,18.6167,84.2333,23.56,84,13,1.69,IN,1708816075
428,tambo,-14.8,-73.9167,3.76,94,100,2.38,PE,1708816077
429,georgievka,49.3314,81.5761,-22.49,100,100,1.41,KZ,1708816078
430,chengde,40.9725,117.9361,-2.99,40,4,2.27,CN,1708816078
431,magaria,12.9983,8.9099,24.35,18,21,4.35,NE,1708816079
432,bubaque,11.2833,-15.8333,26.32,66,4,6.89,GW,1708816079
433,ocean shores,46.9737,-124.1563,10.53,94,100,5.66,US,1708816079
434,mogadishu,2.0371,45.3438,26.5,81,100,7.16,SO,1708816079
435,zhezqazghan,47.7833,67.7667,-22.86,73,13,3.68,KZ,1708816080
436,arteche,12.2645,125.4048,25.05,90,51,5.42,PH,1708816080
437,barbacoas,1.6715,-78.1398,25.09,94,92,0.75,CO,1708816080
438,hirara,24.8,125.2833,17.15,88,75,9.77,JP,1708816081
439,santa elena de uairen,4.6167,-61.1333,25.7,51,78,1.5,VE,1708816081
440,brigantine,39.4101,-74.3646,5.01,52,0,5.81,US,1708816081
441,mar del plata,-38.0023,-57.5575,16.64,59,75,5.14,AR,1708815990
442,nuku'alofa,-21.1333,-175.2,30.19,84,40,5.14,TO,1708816082
443,piton saint-leu,-21.2196,55.3151,24.06,94,100,1.54,RE,1708816082
444,taulaga,-11.0553,-171.0883,28.66,73,30,3.09,AS,1708816082
445,birjand,32.8663,59.2211,8.26,36,100,3.09,IR,1708816082
446,nichinan,31.6,131.3667,9.82,94,100,5.27,JP,1708816083
447,letpandan,17.7833,95.75,20.2,41,2,1.41,MM,1708816083
448,new norfolk,-42.7826,147.0587,16.07,57,100,1.42,AU,1708816083
449,kaiapoi,-43.3783,172.6401,20.19,52,75,1.54,NZ,1708816084
450,shahabad,27.65,79.95,13.41,28,81,1.58,IN,1708816084
451,soledade,-28.8183,-52.5103,24.13,64,81,4.59,BR,1708816084
452,ouadda,8.0777,22.4007,23.46,30,83,2.22,CF,1708816084
453,timimoun,29.2639,0.231,14.41,32,36,4.88,DZ,1708816085
454,nagqu,31.5,92.0,-10.67,45,79,5.51,CN,1708816085
455,dayr hafir,36.1569,37.7078,10.88,67,0,2.45,SY,1708816085
456,kohtla-jarve,59.3986,27.2731,3.19,82,100,12.35,EE,1708816086
457,bam,29.106,58.357,13.23,48,99,3.63,IR,1708816086
458,rio preto da eva,-2.6994,-59.6997,25.81,82,63,0.52,BR,1708816086
459,viransehir,37.2353,39.7631,7.13,52,0,4.3,TR,1708816087
460,ardakan,32.31,54.0175,8.64,69,100,0.83,IR,1708816087
461,kolwezi,-10.7148,25.4667,17.53,95,100,0.48,CD,1708816087
462,glendive,47.1053,-104.7125,9.31,49,100,6.17,US,1708816088
463,lubana,56.9,26.7167,3.94,78,100,5.16,LV,1708816088
464,laurel,39.0993,-76.8483,6.97,63,100,5.14,US,1708816089
465,burang,30.25,81.1667,-23.59,86,68,2.03,CN,1708816089
466,glace bay,46.1969,-59.957,5.25,96,100,4.63,CA,1708816089
467,najaf,31.9985,44.3398,12.43,89,100,4.18,IQ,1708816085
468,sinjar,36.3209,41.8754,10.55,63,26,2.62,IQ,1708816090
469,waingapu,-9.6567,120.2641,26.88,82,64,1.59,ID,1708816090
470,zhangye,38.9342,100.4517,-6.76,80,100,2.53,CN,1708816090
471,mahina,-17.5065,-149.489,28.87,70,75,2.06,PF,1708816091
472,unai,-16.3575,-46.9061,22.9,90,65,1.35,BR,1708816091
473,tazovsky,67.4667,78.7,-15.98,95,100,6.95,RU,1708816091
474,thika,-1.0333,37.0693,15.75,91,39,0.98,KE,1708816040
475,pimentel,-6.8367,-79.9342,27.16,74,0,9.77,PE,1708816097
476,mejit,10.2753,170.8646,26.36,80,80,9.04,MH,1708816097
477,fale old settlement,-9.3852,-171.2468,29.14,72,18,3.12,TK,1708816098
478,guangshui,31.6199,113.9978,-3.87,94,70,0.33,CN,1708816098
479,werota,11.9167,37.7,21.56,42,32,2.31,ET,1708816098
480,kavaratti,10.5669,72.642,26.51,67,36,5.2,IN,1708816098
481,nadym,65.5333,72.5167,-6.51,96,100,4.39,RU,1708816099
482,san andres,12.5847,-81.7006,28.01,61,20,7.49,CO,1708816099
483,barra de santo antonio,-9.4047,-35.5072,27.6,83,34,4.59,BR,1708816100
484,cukai,4.25,103.4167,25.0,92,19,2.16,MY,1708815929
485,villa regina,-39.1,-67.0667,24.99,15,86,3.58,AR,1708816100
486,recife,-8.0539,-34.8811,29.02,79,40,6.69,BR,1708816101
487,caarapo,-22.6342,-54.8222,23.82,83,87,1.82,BR,1708815913
488,savantvadi,15.9,73.8167,18.49,52,69,1.3,IN,1708816101
489,mikumi,-7.4041,36.9831,22.14,93,100,1.37,TZ,1708816101
490,jeddah,21.5169,39.2192,24.92,65,0,3.09,SA,1708816102
491,ouro preto do oeste,-10.7481,-62.2158,21.35,99,100,1.56,BR,1708815903
492,morris,40.8334,-74.5329,2.23,39,0,3.13,US,1708816103
493,uliastay,47.7417,96.8444,-18.65,67,69,2.83,MN,1708816103
494,eaton rapids,42.5092,-84.6558,-0.34,49,0,2.06,US,1708816092
495,concepcion,-36.827,-73.0498,20.89,56,0,3.6,CL,1708816104
496,amga,60.8953,131.9608,-38.22,100,100,0.2,RU,1708816104
497,konarka,19.9,86.1167,22.22,80,55,2.82,IN,1708816104
498,suances,43.4334,-4.0434,9.99,89,100,1.54,ES,1708816105
499,boyolangu,-8.1181,111.8935,24.36,97,99,1.43,ID,1708816105
500,chilaw,7.5758,79.7953,25.01,87,50,4.93,LK,1708816105
501,tari,12.4086,4.4914,27.84,24,12,4.99,NG,1708816106
502,vila do maio,15.1333,-23.2167,22.44,74,79,8.82,CV,1708816106
503,la gi,10.6667,107.7833,22.51,81,8,4.72,VN,1708816106
504,tsiombe,-25.3,45.4833,23.62,81,100,6.27,MG,1708816107
505,rikaze,29.25,88.8833,-6.71,23,0,1.97,CN,1708816107
506,muynoq,43.7683,59.0214,-0.72,62,100,6.97,UZ,1708816107
507,saurimo,-9.6608,20.3916,19.72,96,100,0.6,AO,1708816108
508,argo,37.6333,22.7333,15.99,78,88,0.8,GR,1708816108
509,novaya ladoga,60.1025,32.3019,2.79,96,100,8.5,RU,1708816108
510,constitucion,-35.3333,-72.4167,17.77,64,2,4.03,CL,1708816109
511,cabedelo,-6.9811,-34.8339,28.12,76,5,7.37,BR,1708816024
512,mount isa,-20.7333,139.5,27.87,61,5,4.63,AU,1708816109
513,howrah,22.5892,88.3103,21.0,68,75,4.12,IN,1708816109
514,ust'-barguzin,53.45,108.9833,-25.23,98,87,1.85,RU,1708816110
515,malvan,16.0667,73.4667,21.55,61,60,2.5,IN,1708815978
516,piggs peak,-25.9667,31.25,20.29,55,0,1.65,SZ,1708816110
517,rajpur,22.3,74.35,16.4,18,5,2.34,IN,1708816110
518,arkhangel'sk,64.5401,40.5433,1.73,100,100,3.0,RU,1708816111
519,iquique,-20.2208,-70.1431,22.02,83,100,3.48,CL,1708816111
520,barentu,15.1139,37.5928,21.86,68,24,2.07,ER,1708816112
521,saint-pierre,-21.3393,55.4781,25.82,94,100,1.54,RE,1708816112
522,puerto aysen,-45.4,-72.7,16.21,81,51,0.81,CL,1708816112
523,sarmiento,-45.5882,-69.07,20.86,31,73,3.95,AR,1708816112
524,yemetsk,63.4721,41.7941,0.92,98,100,4.54,RU,1708816113
525,shumerlya,55.5005,46.4129,-11.72,87,17,3.48,RU,1708816113
526,nizhniy odes,63.6445,54.856,-2.13,96,100,3.76,RU,1708816113
527,port douglas,-16.4833,145.4667,27.97,82,29,1.21,AU,1708816114
528,kununurra,-15.7667,128.7333,27.99,89,92,2.06,AU,1708816114
529,valguarnera caropepe,37.4955,14.3888,10.83,89,100,1.46,IT,1708816114
530,strelka,58.0728,93.0344,-25.83,99,100,1.41,RU,1708816114
531,namdrik,5.5994,168.1028,27.94,81,75,6.11,MH,1708816115
532,palangkaraya,-2.2,113.8333,22.35,99,100,1.15,ID,1708816115
533,east london,-33.0153,27.9116,21.3,85,71,4.75,ZA,1708816114
534,greenville,35.6127,-77.3663,12.29,57,100,2.06,US,1708815916
535,filadelfia,39.9523,-75.1638,3.76,40,40,7.2,US,1708816075
536,agat village,13.3886,144.6585,28.52,81,40,6.17,GU,1708816116
537,guangming,45.3333,122.7833,-10.76,74,3,4.24,CN,1708816116
538,terme,41.2092,36.9739,6.96,77,0,1.03,TR,1708816117
539,colonia,50.9333,6.95,6.01,80,0,5.66,DE,1708816039
540,bayan,46.0833,127.4,-18.79,99,95,1.15,CN,1708816117
541,whangarei,-35.7317,174.3239,25.08,66,100,2.36,NZ,1708816118
542,veinticinco de mayo,-35.4323,-60.1727,20.55,75,38,1.34,AR,1708816118
543,margate,51.3813,1.3862,5.62,80,73,1.92,GB,1708816118
544,kiamba,5.9894,124.6242,25.95,81,16,1.63,PH,1708816119
545,boende,-0.2167,20.8667,22.96,98,100,1.6,CD,1708816119
546,guigang,23.0964,109.6092,6.25,81,100,3.04,CN,1708816119
547,okha,53.5739,142.9478,-23.32,99,82,3.68,RU,1708816119
548,kem',64.9555,34.5793,0.26,99,100,5.69,RU,1708816120
549,road town,18.4167,-64.6167,27.05,83,20,1.03,VG,1708816120
550,kayangel,8.0823,134.7173,26.86,83,95,7.88,PW,1708816120
551,vetovo,43.7,26.2667,12.31,65,100,1.62,BG,1708816121
552,smithers,54.7804,-127.1743,2.58,79,96,0.19,CA,1708816052
553,aswan,24.0934,32.907,19.03,32,65,4.63,EG,1708816121
554,salinas,36.6777,-121.6555,24.76,50,0,5.14,US,1708816121
555,asubulaq,49.5583,83.0558,-21.68,100,96,1.86,KZ,1708816122
556,skelleftea,64.7507,20.9528,0.2,100,100,2.57,SE,1708816107
557,saint-denis,48.9167,2.3333,6.53,90,100,5.14,FR,1708816122
558,slyudyanka,51.6594,103.7061,-22.74,88,23,2.24,RU,1708816122
559,meadow lakes,61.6247,-149.6011,-2.72,85,100,2.25,US,1708816122
560,campo grande,-20.4428,-54.6464,25.75,89,75,2.06,BR,1708816123
561,ermoupolis,37.4423,24.9425,15.5,94,100,0.51,GR,1708816123
562,nacala,-14.5428,40.6728,25.37,93,100,1.87,MZ,1708816123
563,souillac,-20.5167,57.5167,26.3,87,73,2.97,MU,1708816124
564,luanda,-8.8368,13.2343,27.0,89,75,2.57,AO,1708816124
565,robertsport,6.7533,-11.3686,26.66,84,5,4.98,LR,1708816124
566,boditi,6.9667,37.8667,17.12,46,69,2.16,ET,1708816125
567,tofol,5.3248,163.0078,28.37,79,100,8.15,FM,1708816125
568,cottage grove,44.8277,-92.9438,8.61,57,0,5.14,US,1708816125
569,cedral,23.8,-100.7333,21.25,37,100,5.38,MX,1708816125
570,princeville,45.7668,-61.2985,-1.02,94,100,6.69,CA,1708816125
571,puerto baquerizo moreno,-0.9,-89.6,27.4,73,37,2.79,EC,1708816126
572,lovejoy,33.4362,-84.3144,15.99,33,0,3.09,US,1708816126
573,duong dong,10.2167,103.9667,27.0,78,20,2.06,VN,1708816126
574,northam,51.0333,-4.2167,3.7,95,100,3.65,GB,1708816126
575,cockburn town,21.4612,-71.1419,24.78,70,0,2.59,TC,1708816127
576,santyoku,37.4406,129.1708,1.92,95,100,1.41,KR,1708816127
577,chiavari,44.3201,9.322,11.43,85,95,0.45,IT,1708816127
578,la romana,18.4273,-68.9728,23.44,80,0,2.86,DO,1708816128
579,richards bay,-28.783,32.0377,24.79,83,16,2.89,ZA,1708816128
580,medina,24.4686,39.6142,23.24,21,0,4.63,SA,1708816128
581,darovskoy,58.77,47.9564,-7.28,94,99,4.07,RU,1708816128
582,sarandi grande,-33.7333,-56.3333,22.47,56,69,8.11,UY,1708816129
583,mount pearl,47.5166,-52.7813,5.53,96,100,11.83,CA,1708815898
584,aras-asan,8.8908,126.3033,24.7,84,33,0.87,PH,1708816129
585,tsimlyansk,47.6461,42.1019,0.13,53,0,6.12,RU,1708816129
586,puerto deseado,-47.7503,-65.8938,14.86,68,10,7.88,AR,1708816129
